username,mu,sigma,history
shane,27.715000059703762,1.6002776231427938,"[25.0, 21.9, 26.5, 23.1, 26.4, 28.0, 25.7, 24.6, 25.4, 25.9, 27.9, 28.9, 28.3, 31.0, 29.7, 30.0, 30.3, 30.6, 30.8, 31.0, 31.1, 32.8, 31.8, 33.1, 32.0, 33.1, 32.1, 32.4, 31.1, 31.7, 32.1, 32.3, 32.7, 31.8, 32.4, 31.8, 32.6, 31.9, 31.5, 31.2, 31.4, 31.5, 31.1, 30.9, 30.7, 30.6, 30.5, 31.4, 31.1, 31.2, 30.1, 30.4, 30.2, 30.9, 30.6, 30.2, 29.9, 30.4, 30.1, 29.9, 29.7, 30.3, 30.1, 29.8, 29.7, 30.3, 30.1, 29.1, 28.5, 28.7, 28.2, 27.9, 27.6, 28.0, 27.7, 27.4, 27.2, 27.7, 27.4, 27.0, 27.2, 26.8, 27.0, 27.0, 27.1, 27.2, 27.2, 27.7, 27.6, 27.9, 27.7, 28.0, 27.7]"
norm,25.28366886389179,2.304229121090229,"[25.0, 29.5, 31.5, 32.8, 33.7, 30.5, 29.0, 29.9, 26.2, 27.8, 25.2, 26.7, 24.8, 26.3, 24.9, 26.2, 25.8, 27.4, 26.7, 26.2, 27.4, 26.6, 26.9, 27.1, 26.3, 25.8, 25.6, 25.4, 25.7, 25.9, 26.1, 26.3, 26.4, 25.0, 25.3, 25.5, 24.7, 25.2, 25.0, 24.8, 25.4, 24.8, 25.3]"
benji,24.259041097068796,2.469581272571385,"[25.0, 28.1, 23.5, 26.9, 23.6, 22.0, 21.4, 21.0, 20.4, 19.9, 19.7, 19.5, 18.8, 21.9, 20.6, 20.0, 19.5, 20.8, 19.2, 20.5, 21.7, 22.5, 23.2, 23.7, 23.9, 24.1, 23.8, 23.5, 23.3, 23.1, 22.9, 24.6, 24.3, 24.6, 23.6, 24.1, 23.9, 23.7, 24.4, 23.7, 24.3]"
mal,22.259089246090877,2.8466873728729385,"[25.0, 28.1, 23.5, 26.9, 23.6, 22.0, 24.3, 25.4, 24.6, 24.1, 22.1, 21.1, 20.4, 23.1, 21.9, 21.6, 21.3, 21.2, 21.1, 22.9, 21.8, 23.2, 22.1, 23.1, 22.1, 21.8, 21.5, 21.3, 21.1, 20.9, 22.6, 22.3]"
